imdb_id,collection_id
tt0317219,274
tt0317919,963
tt0344854,131
tt0348150,1389
tt0362120,1256
tt0366548,622
tt0371552,137
tt0376994,1869
tt0380268,309
tt0381061,726
tt0381971,345
tt0382625,1650
tt0383216,1631
tt0383574,1126
tt0384537,1303
tt0400717,1079
tt0401711,302
tt0401855,1788
tt0403279,930
tt0409904,1864
tt0414982,501
tt0416449,21
tt0418689,306
tt0419058,649
tt0419946,1597
tt0420294,1434
tt0421729,206
tt0422401,627
tt0422764,1810
tt0424345,305
tt0425601,1751
tt0430912,174
tt0432637,805
tt0433386,1551
tt0434215,512
tt0435680,783
tt0437179,1263
tt0437863,1458
tt0438097,691
tt0439654,1007
tt0441048,400
tt0443431,112
tt0443453,233
tt0443527,1553
tt0443771,1218
tt0444628,647
tt0445800,526
tt0447249,872
tt0452681,1652
tt0454841,1557
tt0454848,708
tt0454919,1164
tt0455499,547
tt0455612,894
tt0456144,990
tt0457297,1479
tt0460480,1536
tt0460611,1710
tt0461642,1269
tt0461936,417
tt0462590,1362
tt0463985,1529
tt0464913,1057
tt0465407,474
tt0465967,1720
tt0466195,1851
tt0466899,1608
tt0470055,1080
tt0472175,1285
tt0473829,264
tt0476649,361
tt0477347,1037
tt0479143,1222
tt0479647,229
tt0479884,330
tt0480082,697
tt0480271,1021
tt0482629,1691
tt0483578,1248
tt0488584,967
tt0489244,1039
tt0489270,1255
tt0491244,451
tt0493430,724
tt0495034,584
tt0497116,97
tt0498380,306
tt0498536,391
tt0499596,1841
tt0757353,996
tt0758742,378
tt0758781,1264
tt0772152,86
tt0772187,1617
tt0780606,1515
tt0781012,1266
tt0781084,1380
tt0782037,349
tt0783492,26
tt0785025,875
tt0795376,444
tt0802983,419
tt0808240,1769
tt0808276,313
tt0809469,1782
tt0810827,378
tt0820117,952
tt0820142,1645
tt0824696,679
tt0828154,1115
tt0829424,469
tt0839739,594
tt0843270,1915
tt0856008,1280
tt0860387,948
tt0861701,370
tt0875025,1420
tt0876294,1714
tt0877709,1275
tt0881252,521
tt0891485,923
tt0893534,809
tt0978797,1072
tt1000095,1136
tt1059950,1074
tt1071815,1020
tt1105263,218
tt1194572,520
tt5184592,824
tt5987124,66
tt5993100,66
tt8165062,1395
tt0859635,1388
tt10127228,182
tt1259528,385
tt1270797,1814
tt1285009,1669
tt1365519,1737
tt1477834,121
tt1502407,614
tt1825683,213
tt2296777,568
tt2557478,1093
tt2677064,1822
tt2737304,209
tt2990140,1483
tt2993848,693
tt3072732,736
tt3104988,332
tt3200412,912
tt3487610,903
tt3606756,1571
tt3619070,81
tt3766354,1520
tt3799232,1580
tt3829266,1148
tt3846674,1733
tt4123430,481
tt4154756,1451
tt4477536,497
tt4500922,1601
tt4633694,1342
tt4761916,1791
tt4779682,1602
tt4881806,755
tt4912910,963
tt5028340,924
tt5052474,1298
tt5056154,912
tt5080556,1217
tt5094192,1457
tt5095030,113
tt5117670,1119
tt5119160,638
tt5177088,1547
tt5208950,782
tt5220122,673
tt5258388,90
tt5325684,628
tt5428666,1525
tt5463162,372
tt5468022,406
tt5664636,590
tt5685006,1167
tt5690992,919
tt5726086,709
tt5814060,1618
tt5822132,1385
tt5827590,1182
tt5844488,692
tt5848272,1865
tt5848992,1250
tt5885106,683
tt5981944,1573
tt6026818,1280
tt6113122,681
tt6133466,1641
tt6170484,973
tt6237612,52
tt6241390,1475
tt6343314,334
tt6428150,657
tt6450628,1216
tt6466464,1609
tt6513656,464
tt6523720,1834
tt6591554,1667
tt6591584,1552
tt6603378,797
tt6622902,1468
tt6644200,40
tt6652708,576
tt6685596,933
tt6748466,869
tt6767852,1747
tt6772418,831
tt6774786,1058
tt6818140,646
tt6821870,293
tt6843812,153
tt6863784,1237
tt6866006,277
tt6869538,392
tt6910020,316
tt6911608,906
tt6912990,31
tt6916362,387
tt6921996,743
tt7021508,665
tt7022500,1439
tt7040874,42
tt7050476,1317
tt7058884,961
tt7066382,1688
tt7080138,1287
tt7089878,1330
tt7095654,1939
tt7108976,393
tt7122596,1700
tt7136896,1616
tt7158736,480
tt7238392,1419
tt7268388,1836
tt7296782,956
tt7322864,1166
tt7329602,1436
tt7338690,1653
tt7339792,1785
tt7367960,1431
tt7372728,1861
tt7415466,1718
tt7424200,1424
tt7431594,1180
tt7448180,1505
tt7476438,1
tt7489740,1027
tt7493808,1840
tt7496972,394
tt7510798,887
tt7520184,1396
tt7533756,873
tt7549618,193
tt7575400,1891
tt7575410,1893
tt7575642,1261
tt7575660,510
tt7607940,1017
tt7609114,1872
tt7639528,563
tt7654890,1758
tt7668724,1597
tt7668870,1262
tt7681970,59
tt7694738,196
tt7695014,1241
tt7745068,999
tt7752454,390
tt7764650,1677
tt7838252,759
tt7841496,870
tt7870578,1936
tt7872636,363
tt7880466,391
tt7885874,779
tt7913394,1052
tt7919372,508
tt7938444,1249
tt7941892,142
tt7959898,1325
tt7961060,425
tt7963218,138
tt7963848,750
tt7981492,1514
tt7983348,827
tt8001346,137
tt8015080,578
tt8024712,1882
tt8028526,232
tt8031554,1368
tt8050266,817
tt8065772,192
tt8065796,876
tt8073604,469
tt8074328,262
tt8076266,0
tt8094320,1023
tt8108180,767
tt8108230,1137
tt8116428,82
tt8155182,842
tt8178958,552
tt8206708,273
tt8255452,1319
tt8264546,12
tt8299800,1929
tt8320394,713
tt8324576,549
tt8396238,1294
tt8418652,981
tt8425332,806
tt8426828,631
tt8430326,1446
tt8478602,578
tt8512746,809
tt8529186,1929
tt8531044,1365
tt8535852,34
tt8539280,822
tt8574252,1704
tt8594582,489
tt8669070,1297
tt8671462,1574
tt8675532,1530
tt8682096,1720
tt8686304,54
tt8707374,642
tt8709036,30
tt8723756,1700
tt8742774,966
tt8744094,581
tt8763008,1382
tt8765496,932
tt8777022,1301
tt8787116,1863
tt8861786,1166
tt8925540,1320
tt8941316,280
tt8947488,1467
tt8954732,1636
tt8956464,333
tt8962336,1207
tt9024440,38
tt9076570,1638
tt9089294,1657
tt9136292,1914
tt9174800,1651
tt9266078,467
tt9278074,158
tt9283056,1673
tt9379674,250
tt9472442,166
tt9490414,968
tt9598270,312
tt9619446,1685
tt9652322,292
tt9812530,1863
tt9844256,312
tt0455944,1520
tt0458481,1305
tt0831387,579
tt1109624,1094
tt1204977,1088
tt1224378,1823
tt1253863,21
tt1270114,1243
tt1291150,1425
tt1408253,1210
tt1430612,411
tt1456606,302
tt1490017,1585
tt1587310,902
tt1631867,866
tt1646971,677
tt1649443,1898
tt1679276,1628
tt1717715,1609
tt1790864,1601
tt1809398,1785
tt1821658,1619
tt1840309,412
tt1843866,266
tt1872181,1445
tt1877832,1869
tt1935302,974
tt1951265,1565
tt1958043,1563
tt2004420,1025
tt2015381,599
tt2043801,251
tt2091947,1120
tt2096672,436
tt2102496,258
tt2103281,1132
tt2109248,1755
tt2150371,1499
tt2170439,668
tt2231489,1242
tt2239832,1717
tt2265171,1642
tt2281587,1614
tt2294449,752
tt2306342,93
tt2309764,1308
tt2310332,1559
tt2333784,1523
tt2339741,1708
tt2345613,842
tt2357291,1212
tt2360390,1783
tt2379386,700
tt2387575,302
tt2404567,184
tt2404583,718
tt2428170,335
tt2446042,1410
tt2473682,1101
tt2480454,1552
tt2505294,134
tt2521436,1102
tt2528814,576
tt2531282,1712
tt2535470,1867
tt2557256,693
tt2609218,1181
tt2626350,1362
tt2664264,1716
tt2670290,115
tt2692250,1037
tt2739884,881
tt2740538,635
tt2781516,1860
tt2800038,140
tt2800240,1267
tt2802144,792
tt2825120,341
tt2828996,35
tt2832470,368
tt2833074,12
tt2850304,1844
tt2857458,978
tt2872570,1066
tt2872732,884
tt2907640,885
tt2911342,428
tt2911666,741
tt2916324,1264
tt2924442,1626
tt2925768,647
tt2926810,1438
tt2936864,1084
tt2955316,1338
tt2967006,1686
tt2975578,1641
tt2978462,416
tt2980706,1130
tt3006826,758
tt3013602,156
tt3019796,864
tt3029556,1229
tt3029558,1229
tt3062880,554
tt3064620,96
tt3078296,1573
tt3096810,262
tt3097204,1569
tt3099498,1765
tt3102440,255
tt3106120,1263
tt3121442,1091
tt3121562,1347
tt3129656,166
tt3130082,1442
tt3140100,387
tt3152098,942
tt3157224,1062
tt3157466,1383
tt3185154,1245
tt3196174,234
tt3204012,1726
tt3222236,1332
tt3242756,1644
tt3244992,1751
tt3246908,1475
tt3260022,606
tt3290714,1247
tt3294206,277
tt3307800,1513
tt3311176,1648
tt3321428,1746
tt3322940,109
tt3331846,1353
tt3336368,933
tt3345466,17
tt3345472,1103
tt3357178,1799
tt3358296,1040
tt3363888,951
tt3402110,1420
tt3405714,1009
tt3419894,1512
tt3421246,212
tt3421616,513
tt3438354,684
tt3438514,640
tt3444184,531
tt3445438,405
tt3448226,1186
tt3451660,582
tt3454828,1549
tt3455204,391
tt3461252,1469
tt3461828,278
tt3462696,1426
tt3464018,1105
tt3465208,1364
tt3465570,534
tt3469440,1368
tt3473596,1779
tt3474600,863
tt3474720,964
tt3477554,1319
tt3480056,617
tt3485166,1632
tt3485732,179
tt3505812,1205
tt3521228,1587
tt3521442,1828
tt3528092,654
tt3529198,1000
tt3531852,201
tt3541262,56
tt3558642,1023
tt3564806,232
tt3572132,748
tt3579524,556
tt3600950,1335
tt3606698,114
tt3612432,901
tt3619772,628
tt3627000,437
tt3636040,344
tt3638012,119
tt3646944,142
tt3652664,630
tt3654212,1917
tt3678938,435
tt3686278,1937
tt3689894,1332
tt3691706,1853
tt3701078,514
tt3701804,485
tt3704538,1800
tt3713166,1791
tt3717532,1020
tt3721554,1917
tt3726220,310
tt3727824,1624
tt3729920,1511
tt3738624,430
tt3740242,1013
tt3759416,137
tt3764230,489
tt3810932,433
tt3822396,1813
tt3830998,819
tt3845960,309
tt3861006,1732
tt3877844,1312
tt3885932,1854
tt3886722,349
tt3907156,1536
tt3915726,1587
tt3918368,1141
tt3919278,1539
tt3922810,583
tt3958276,953
tt3968610,733
tt3971764,1031
tt4019426,248
tt4028134,827
tt4061848,83
tt4067084,450
tt4074114,1936
tt4128382,91
tt4157782,70
tt4168022,1876
tt4176984,802
tt4221854,723
tt4224058,878
tt4230876,27
tt4240654,1301
tt4320236,1071
tt4468650,1884
tt4546126,377
tt5714216,811
tt5825186,611
tt6067136,629
tt10698680,759
tt10811166,1795
tt11245972,1259
tt11466222,724
tt11703710,422
tt11755740,1435
tt11806132,354
tt12036922,1771
tt12292314,1930
tt12412888,1326
tt12747222,375
tt12764628,722
tt12996154,22
tt13026738,231
tt13070038,58
tt13345606,470
tt13393058,498
tt13560574,1868
tt13634480,691
tt13822738,1067
tt14121726,732
tt14577304,518
tt14813966,894
tt15078854,170
tt15458866,1817
tt15838850,1625
tt15850452,769
tt16085592,1414
tt16194408,1456
tt16254308,1929
tt16760592,292
tt1745960,1742
tt17491040,1632
tt1877830,1455
tt4123432,481
tt5113044,955
tt7657566,651
tt8041270,755
tt9419884,414
tt9848626,673
tt0367882,704
tt0371746,716
tt0373051,745
tt0374569,286
tt0410377,1042
tt0411272,1603
tt0411477,643
tt0421073,1371
tt0425637,1195
tt0441773,807
tt0443701,1711
tt0447166,1542
tt0450314,1640
tt0452608,379
tt0456978,511
tt0462499,1185
tt0463872,136
tt0468569,1501
tt0479952,892
tt0481536,624
tt0482603,1334
tt0482606,1669
tt0490210,1253
tt0499448,1485
tt0785035,1076
tt0790686,958
tt0795421,906
tt0808339,830
tt0808399,302
tt0822832,922
tt0830515,726
tt0846308,96
tt0859163,1613
tt0870101,1466
tt0881310,1156
tt0883410,1051
tt0885415,1041
tt0892255,286
tt0892899,1089
tt0912597,378
tt0923683,1759
tt0936501,1410
tt0950739,128
tt0962726,656
tt0972558,355
tt0985047,107
tt0991346,201
tt0993789,1629
tt1000774,1271
tt1014775,197
tt1017456,1180
tt1018785,1662
tt1018789,448
tt1023111,1028
tt1023481,1362
tt1038072,1164
tt1045655,969
tt1047494,894
tt1050160,889
tt1051981,112
tt1055300,1096
tt1078600,567
tt1082868,1174
tt1086797,1794
tt1087522,420
tt1087906,1692
tt1090671,1198
tt1092005,584
tt1099212,1689
tt1099228,105
tt1103262,370
tt1114723,730
tt1116935,1295
tt1126596,783
tt1129442,1682
tt1130987,1515
tt1132626,1255
tt1145144,282
tt1155652,1543
tt1155696,391
tt1155705,15
tt1157614,1464
tt1160524,1020
tt1160525,1140
tt1160629,541
tt1161405,241
tt1161646,1545
tt1161951,86
tt1167825,1421
tt1174954,1202
tt1176142,1903
tt1176726,309
tt1179067,1461
tt1180304,419
tt1185420,421
tt1188990,313
tt1189383,925
tt1190127,809
tt1192613,1075
tt1196128,1266
tt1198186,1816
tt1199494,1594
tt1204883,1471
tt1204979,1802
tt1206326,1074
tt1206478,1161
tt1210117,697
tt1216300,728
tt1217565,813
tt1220719,712
tt1230165,1221
tt1233474,1543
tt1233505,1311
tt1238298,1515
tt1243381,43
tt1259014,1603
tt1260396,554
tt1260502,559
tt1266539,108
tt1278060,1543
tt1284591,1713
tt1288461,1429
tt1292575,1123
tt1297939,1621
tt1301698,11
tt1308650,574
tt1323946,1164
tt1330607,694
tt1332059,931
tt1339302,218
tt1343089,1543
tt1354553,1537
tt1371126,1718
tt1424066,130
tt1438522,376
tt1937316,73
tt1979309,1825
tt2127268,380
tt2882912,238
tt2955538,87
tt3087662,1561
tt0837156,1107
tt10889420,1034
tt1211837,414
tt12945368,1880
tt1386697,1378
tt1431045,372
tt1473832,240
tt1540011,217
tt1608290,1894
tt1628841,702
tt1679335,1687
tt1798603,162
tt1920885,1923
tt1985949,1448
tt1989632,1392
tt2137241,1221
tt2140479,1440
tt2267968,807
tt2277860,505
tt2360586,1102
tt2364673,374
tt2381991,1567
tt2411144,823
tt2441982,1697
tt2567026,71
tt2592614,1201
tt2652118,340
tt2660888,1354
tt2709768,1656
tt2822672,1220
tt2836166,1233
tt2869728,1210
tt2975590,908
tt3062096,1650
tt3065204,1491
tt3082898,782
tt3110958,1053
tt3138698,794
tt3183660,481
tt3212812,1001
tt3248148,1549
tt3300542,626
tt3385516,1869
tt3393786,721
tt3410834,412
tt3416828,691
tt3451230,657
tt3470600,1307
tt3498820,266
tt3522806,938
tt3527772,804
tt3567194,1196
tt3577684,328
tt3606888,227
tt3627704,1121
tt3628584,171
tt3717252,1788
tt3719434,93
tt3746824,1283
tt3760922,995
tt3823672,46
tt3838992,1765
tt3842614,1572
tt3882082,1476
tt3892618,1508
tt3894558,93
tt3949660,1425
tt4022428,786
tt4061908,1581
tt4062756,1331
tt4065842,1840
tt4080594,1002
tt4088268,387
tt4094724,1641
tt4110400,1889
tt4146622,1186
tt4191580,939
tt4196776,1474
tt4219652,88
tt4273562,1883
tt4281724,1432
tt4361050,1088
tt4418398,1062
tt4438848,1025
tt4451458,739
tt4471630,25
tt4471634,25
tt4490348,595
tt4519312,60
tt4559046,675
tt4579914,1046
tt4591310,1609
tt4627224,1576
tt4628826,166
tt4641264,135
tt4641286,1306
tt4641730,1209
tt4641776,1231
tt4643142,1306
tt4651520,161
tt4667854,1800
tt4675030,927
tt4683366,555
tt4685554,1319
tt4699434,1315
tt4741412,1797
tt4741686,744
tt4756770,1856
tt4760268,1856
tt4763168,789
tt4766112,920
tt4768656,678
tt4785440,293
tt4786282,855
tt4788722,997
tt4790076,1856
tt4802214,293
tt4809638,1776
tt4819576,815
tt4824308,576
tt4827290,96
tt4840554,1060
tt4847546,219
tt4862468,29
tt4864932,153
tt4911996,1008
tt4926538,1688
tt4926822,1842
tt4933472,469
tt4933506,788
tt4936176,324
tt4940370,1437
tt4945528,183
tt4954660,391
tt4959548,1648
tt4960242,504
tt4960934,606
tt4963830,114
tt4979860,264
tt4980812,1133
tt4994718,801
tt5001436,1216
tt5011290,1321
tt5029602,239
tt5030004,1204
tt5048716,254
tt5058340,378
tt5066818,1200
tt5068090,1247
tt5084196,794
tt5112622,315
tt5115024,725
tt5126792,1703
tt5127398,1131
tt5145840,223
tt5151594,360
tt5156746,516
tt5156910,1624
tt5174974,619
tt5179576,1463
tt5185564,1660
tt5193784,783
tt5197068,1415
tt5216534,406
tt5218346,405
tt5234458,65
tt5234462,65
tt5237980,531
tt5251328,1074
tt5253630,550
tt5254868,1677
tt5258066,1684
tt5259966,1047
tt5271120,1484
tt5278506,1725
tt5282024,877
tt5300090,877
tt5307266,765
tt5309954,1211
tt5325452,894
tt5327922,1009
tt5328802,1607
tt5336230,959
tt5338588,27
tt5340882,1895
tt5347472,1901
tt5363648,510
tt5377604,1127
tt5425264,428
tt5430020,813
tt5443474,814
tt5456798,1009
tt5463088,1031
tt5468014,406
tt5471154,232
tt5472758,620
tt5474114,1544
tt5474644,1000
tt5477608,762
tt5481184,836
tt5481404,366
tt5481608,281
tt5481984,150
tt5487734,1403
tt5492906,648
tt5523174,1124
tt5542208,617
tt5544700,419
tt5563932,1718
tt5565670,124
tt5576334,1384
tt5591458,831
tt5638500,11
tt5639388,1179
tt5641606,325
tt5647758,1438
tt5659164,658
tt5659172,658
tt5687416,55
tt5688888,1330
tt5700672,1752
tt5706294,1799
tt5741902,953
tt5798738,587
tt5813916,982
tt5822856,479
tt5822910,713
tt5833730,1098
tt5843670,1350
tt5853124,31
tt5864680,962
tt5871184,966
tt5874502,609
tt5876604,600
tt5889204,1141
tt5889338,321
tt5896962,860
tt5898034,972
tt5920384,311
tt5923040,658
tt5923962,546
tt5973626,176
tt5978822,1699
tt5998744,1368
tt6011480,1514
tt6029122,1301
tt6034454,271
tt6035470,965
tt6048582,1527
tt6101516,1820
tt6158988,580
tt6160932,290
tt6212346,1127
tt6266984,553
tt6296148,966
tt6301140,262
tt6327570,321
tt6449216,810
tt6449358,669
tt6449704,1914
tt6467214,1884
tt7308238,998
tt7505148,587
tt7784920,165
tt7785870,34
tt0167190,643
tt0204313,1522
tt0270846,155
tt0289879,1479
tt0290002,941
tt0296572,1486
tt0297741,125
tt0298148,1293
tt0304141,625
tt0315273,1459
tt0316654,1341
tt0317198,240
tt0317705,1571
tt0318627,1201
tt0327247,1702
tt0330793,1640
tt0331632,1258
tt0337103,1496
tt0337579,171
tt0337697,1634
tt0338096,410
tt0338526,1809
tt0345235,1871
tt0345950,1346
tt0347246,559
tt0347591,1606
tt0349903,1059
tt0350061,1213
tt0351977,1829
tt0353489,561
tt0355836,1051
tt0356470,301
tt0356634,547
tt0357413,102
tt0357585,381
tt0358349,61
tt0359013,215
tt0364079,1756
tt0364751,1857
tt0365265,561
tt0365770,1322
tt0365957,1878
tt0366174,98
tt0366551,624
tt0368891,1022
tt0368933,1635
tt0370263,47
tt0372183,1474
tt0372594,1811
tt0372884,444
tt0377092,935
tt0377713,343
tt0378194,784
tt0380538,787
tt0381487,734
tt0381681,186
tt0382295,1269
tt0384116,540
tt0386005,1143
tt0386327,203
tt0387564,1255
tt0387575,295
tt0388098,513
tt0388230,903
tt0388556,1885
tt0390320,1064
tt0390521,1387
tt0391198,1551
tt0396184,1169
tt0398373,1690
tt0398378,1807
tt0399102,577
tt0399877,1841
tt0401233,119
tt0402014,50
tt0403358,1864
tt0403703,1883
tt0404090,608
tt0404225,930
tt0405061,1524
tt0405507,991
tt0406977,927
tt0408281,1768
tt0410370,1908
tt0410454,1710
tt0411263,1938
tt0414852,411
tt0415481,1720
tt0416465,1444
tt0418259,68
tt0419954,934
tt0422091,400
tt0424472,1392
tt0426275,1782
tt0430772,791
tt0435202,967
tt0435286,1136
tt0440803,1912
tt0442286,1248
tt0443073,1112
tt0444759,130
tt0446320,1519
tt0449927,1367
tt0450996,1470
tt0451218,1375
tt0459427,778
tt0459429,778
tt0459430,778
tt0468862,1311
tt0470132,780
tt0470536,1591
tt0475147,1591
tt0476680,1020
tt0780179,655
tt0803019,780
tt1010435,1074
tt1133559,391
tt1147516,419
tt1390932,520
tt0093119,596
tt10039354,832
tt10068916,893
tt10127410,1365
tt10148118,188
tt10251538,1427
tt10309906,1296
tt10328320,1484
tt10362466,58
tt10408944,1225
tt10423160,760
tt10473312,1644
tt10482504,1686
tt10492998,68
tt10516176,1361
tt10588750,419
tt10600398,1279
tt10658922,820
tt10675392,1774
tt10709742,304
tt10735778,848
tt10773114,1012
tt10776270,932
tt10778840,163
tt10803866,3
tt10845704,910
tt1086064,208
tt10886166,22
tt10887344,1167
tt10922066,692
tt10933680,1505
tt11024272,1453
tt11032374,384
tt11032990,904
tt11044354,496
tt11057644,1483
tt11082246,1740
tt11127878,408
tt11154906,1381
tt11172926,871
tt11177804,1923
tt11199410,1636
tt11237714,1766
tt11240506,1048
tt11306746,800
tt11316854,542
tt11323964,1530
tt11433900,603
tt11469660,1297
tt11478014,1386
tt11490170,607
tt11506284,1095
tt11547496,262
tt11553304,1467
tt11640412,0
tt11654032,232
tt11661666,1105
tt11697832,347
tt11717852,552
tt11734696,1400
tt11736000,101
tt11738338,597
tt11765324,1528
tt11777298,347
tt11779616,1288
tt11812338,664
tt11819890,1137
tt11867144,519
tt11946300,382
tt12014644,38
tt12015668,1408
tt12093878,816
tt12156580,1592
tt12158538,1133
tt12256440,347
tt12282598,870
tt12306926,347
tt12311866,294
tt12313622,347
tt12363162,1924
tt12369756,149
tt12398350,1671
tt12415546,142
tt12416790,1891
tt12517908,74
tt12520430,699
tt12575636,1493
tt12615474,1078
tt12659886,1611
tt12745164,279
tt12850062,331
tt12868184,192
tt12938038,1199
tt12975140,158
tt12981586,149
tt12981810,503
tt13033280,1335
tt13055780,28
tt13081264,1012
tt13107908,1106
tt13113544,1033
tt13143964,233
tt13198946,698
tt13212006,1651
tt13212270,1932
tt13260836,106
tt13361756,172
tt13375600,1935
tt13375624,868
tt13428402,1353
tt13437988,280
tt13535454,542
tt13535456,542
tt13562408,262
tt13811736,1720
tt13833830,1207
tt13905906,699
tt14277322,1467
tt14821640,1843
tt14882302,384
tt14888874,384
tt1502397,159
tt1634106,222
tt1817232,1122
tt1965308,1886
tt2850386,1498
tt3152592,1257
tt3794354,1326
tt4685762,1494
tt4823776,1346
tt4858674,1357
tt4907206,1771
tt5843300,184
tt6527456,255
tt6587640,1687
tt7126948,1862
tt7304824,181
tt7535290,1352
tt7556122,1622
tt7737786,593
tt7846844,462
tt7886848,1239
tt7978672,214
tt7983744,1223
tt8060328,146
tt8092118,486
tt8332922,40
tt8366590,153
tt8615822,1058
tt8820348,1393
tt8850222,1752
tt8924580,686
tt8936646,473
tt8948132,365
tt8972556,683
tt9170580,133
tt9173418,1476
tt9191844,490
tt9204164,207
tt9354842,1733
tt9387250,1314
tt9434836,1052
tt9506474,1377
tt9507234,407
tt9564270,227
tt9580138,980
tt9597838,1289
tt9648672,44
tt9763792,1836
tt9784456,1580
tt9839038,736
tt9887580,249
tt0119273,641
tt0120630,291
tt0120755,963
tt0120903,1869
tt0120917,1517
tt0132910,1500
tt0134084,1259
tt0134847,1486
tt0139500,1536
tt0144084,94
tt0144528,1620
tt0144964,659
tt0158622,1534
tt0160009,1450
tt0160127,283
tt0162650,1274
tt0164052,662
tt0175142,1256
tt0179183,518
tt0183869,1419
tt0184894,1277
tt0187696,100
tt0190138,1702
tt0190332,340
tt0190374,439
tt0190524,838
tt0191996,466
tt0192614,1663
tt0192731,1796
tt0195714,501
tt0195945,527
tt0196106,886
tt0197951,1727
tt0202236,118
tt0203940,1343
tt0204946,243
tt0205461,1718
tt0208003,206
tt0209958,1481
tt0210070,561
tt0210616,282
tt0211181,6
tt0212338,941
tt0212346,960
tt0212879,1681
tt0213203,1227
tt0214388,4
tt0215129,1215
tt0216417,1706
tt0216651,1806
tt0216841,734
tt0217086,398
tt0217107,1762
tt0219214,1477
tt0219653,424
tt0220099,1633
tt0222717,1658
tt0223911,1658
tt0224086,1658
tt0227200,1081
tt0228786,1496
tt0228982,1780
tt0229260,217
tt0232465,1154
tt0233277,1655
tt0233289,1454
tt0233600,1182
tt0235679,1135
tt0235712,1211
tt0236502,957
tt0238883,247
tt0239450,117
tt0242024,1422
tt0242519,649
tt0243196,329
tt0251094,551
tt0252985,68
tt0253486,1658
tt0253842,1764
tt0255198,577
tt0256378,1658
tt0258489,791
tt0259974,407
tt0262221,1658
tt0264079,1407
tt0264581,1658
tt0265101,237
tt0265739,1879
tt0266308,178
tt0266821,1085
tt0271029,1304
tt0275538,575
tt0278666,1187
tt0284880,169
tt0285005,369
tt0297071,1546
tt0301083,269
tt0311792,1016
tt0325181,1492
tt0330501,748
tt0338679,1926
tt0345885,1928
tt0348087,1345
tt0356741,707
tt0814243,1074
tt1068773,391
tt1147513,419
tt1291055,407
tt2180441,331
tt6174238,315
tt6352606,1142
tt0790724,721
tt0837562,673
tt0848228,1451
tt0860907,1192
tt0903624,1559
tt0938330,1303
tt0948470,1445
tt1034314,717
tt1074638,726
tt1185838,443
tt1194173,1474
tt1217213,1731
tt1232829,752
tt1258972,1596
tt1276962,309
tt1277953,892
tt1291547,59
tt1345836,1501
tt1392170,1565
tt1397280,1410
tt1397514,745
tt1403214,1100
tt1409024,947
tt1418712,1089
tt1424310,127
tt1446714,1160
tt1496025,1788
tt1588342,442
tt1596365,1708
tt1597522,136
tt1602472,13
tt1605630,92
tt1621045,1717
tt1625350,1811
tt1637725,1423
tt1646987,303
tt1648964,1102
tt1649444,1898
tt1651323,1808
tt1659343,1792
tt1667889,691
tt1673434,1689
tt1681372,259
tt1706593,300
tt1712170,69
tt1714203,1125
tt1718903,1372
tt1720189,1102
tt1724962,1090
tt1735898,1567
tt1748227,1488
tt1753496,1202
tt1756415,190
tt1758830,799
tt1764625,1443
tt1764651,1523
tt1772341,1865
tt1786650,1209
tt1794886,110
tt1797504,1722
tt1800741,1362
tt1821480,762
tt1823067,85
tt1826660,1329
tt1831806,1553
tt1832447,786
tt1844025,1211
tt1855325,1201
tt1856014,615
tt1856047,615
tt1856053,1041
tt1857797,1014
tt1861343,634
tt1865573,160
tt1866931,1837
tt1867101,1716
tt1879012,1039
tt1881045,1234
tt1915581,896
tt1919184,1811
tt1922777,1310
tt1928330,157
tt1933618,1003
tt1934269,1877
tt1935896,1438
tt1937133,1067
tt1954464,480
tt1954470,545
tt1969175,96
tt1978567,1645
tt1979319,1229
tt1980986,675
tt1981080,1406
tt1981677,1128
tt1985017,140
tt1990218,460
tt2002626,1837
tt2005156,183
tt2011961,434
tt2013299,1799
tt2016894,1728
tt2023453,403
tt2036408,911
tt2040560,1626
tt2051818,78
tt2051886,544
tt2058710,1598
tt2062698,115
tt2064704,2
tt2071471,1224
tt2071491,756
tt2073137,1811
tt2078523,346
tt2078667,851
tt2081266,1736
tt2082415,1243
tt2085795,477
tt2085930,1359
tt2088832,1442
tt2089750,1023
tt2099643,1386
tt2105044,1800
tt2106675,1675
tt2106741,1696
tt2108651,1332
tt2109184,1101
tt2109245,1781
tt2112131,348
tt2112143,456
tt2121377,1844
tt2124014,180
tt2131586,391
tt2140315,1179
tt2147134,1693
tt2151579,1393
tt2152198,1115
tt2166143,1358
tt2168854,919
tt2172910,778
tt2177509,270
tt2177575,618
tt2182237,1812
tt2186562,405
tt2186715,315
tt2192888,1383
tt2194724,1163
tt2196724,1906
tt2202750,583
tt2204340,1539
tt2204371,1325
tt2204379,1508
tt2205948,1163
tt2209792,1518
tt2210479,194
tt2210823,954
tt2215285,894
tt2226437,730
tt2226666,737
tt2231554,591
tt2234275,964
tt2234530,238
tt2238839,880
tt2243393,1630
tt2243621,1319
tt2248068,1510
tt2253038,828
tt2256858,788
tt2258239,27
tt2271315,419
tt2271565,1917
tt2275080,934
tt2281095,88
tt2281223,1715
tt2281225,1715
tt2284790,1853
tt2288005,1244
tt2290648,715
tt2290828,1020
tt2292965,447
tt2294473,846
tt2296404,1406
tt2296709,364
tt2298338,1685
tt2301882,1744
tt2301900,1167
tt2304662,182
tt2306783,1527
tt2306814,77
tt2306836,1405
tt2308711,638
tt2309987,628
tt2316383,57
tt2317379,688
tt2319889,728
tt2322420,349
tt2325491,7
tt2332518,1729
tt2343475,1040
tt2358911,194
tt2361586,1588
tt2368783,1151
tt2371411,1096
tt2371824,1100
tt2375379,1074
tt2375454,1315
tt2380137,1339
tt2400434,1698
tt2401723,1899
tt2401725,1899
tt2401727,1899
tt2404572,654
tt2409754,845
tt2414212,1251
tt2414370,212
tt2423504,918
tt2425618,793
tt2433190,1430
tt2458040,1006
tt2459022,871
tt2471640,982
tt2491648,574
tt2507174,1726
tt2525596,62
tt2550838,695
tt2555962,1902
tt2585562,1129
tt2588506,923
tt2589640,1874
tt2592484,1720
tt2599106,727
tt2713886,733
tt2961768,669
tt3354096,311
tt3402542,151
tt3833714,898
tt4634272,803
tt6072460,1933
tt7867026,221
tt0403645,256
tt0411951,1426
tt0435761,1749
tt0464154,1125
tt0800320,303
tt0808510,1741
tt0814255,1110
tt0858411,14
tt0892769,677
tt0892791,1293
tt0926084,625
tt0940656,131
tt0970866,941
tt0980970,1485
tt0985694,888
tt1014759,71
tt1027718,1830
tt1059969,1347
tt1100051,903
tt1104001,1402
tt1116184,724
tt1123373,392
tt1136688,1672
tt1193631,1362
tt1196141,403
tt1213012,83
tt1220634,1201
tt1222698,474
tt1227378,485
tt1228705,716
tt1230204,1244
tt1231587,671
tt1242432,690
tt1242744,1694
tt1245526,1178
tt1250777,781
tt1261945,1271
tt1270835,627
tt1272051,1335
tt1274275,1063
tt1287468,279
tt1291652,442
tt1305797,1217
tt1314170,1524
tt1316037,210
tt1320244,1582
tt1320253,1523
tt1320291,1645
tt1323594,389
tt1323598,288
tt1325004,1689
tt1337673,1049
tt1340773,452
tt1375670,598
tt1386925,1503
tt1386932,712
tt1391137,1848
tt1395054,1069
tt1401143,1188
tt1401631,1316
tt1415283,1019
tt1424381,1148
tt1426320,183
tt1430094,774
tt1433826,1775
tt1440232,844
tt1442512,145
tt1444252,1802
tt1447972,1372
tt1454505,829
tt1456520,78
tt1457766,1706
tt1462667,1090
tt1464535,313
tt1464580,1350
tt1470827,974
tt1473352,1497
tt1477076,1255
tt1503096,264
tt1513892,1260
tt1525835,546
tt1528081,837
tt1529235,190
tt1533817,1366
tt1534568,1885
tt1535495,791
tt1536044,1101
tt1547631,1757
tt1549571,1168
tt1555024,714
tt1555149,454
tt1555747,533
tt1556176,1112
tt1558250,548
tt1562859,584
tt1564585,1314
tt1564916,364
tt1567127,796
tt1567735,1386
tt1570619,812
tt1571724,1713
tt1573072,675
tt1584733,1379
tt1584813,1199
tt1587157,1883
tt1587216,898
tt1590125,1835
tt1591095,709
tt1592292,1887
tt1595366,813
tt1600202,1003
tt1602479,880
tt1606599,1266
tt1608285,115
tt1609160,1364
tt1612768,524
tt1613031,419
tt1614339,517
tt1618450,1854
tt1619832,513
tt1620549,667
tt1620719,348
tt1621780,571
tt1623674,331
tt1630038,514
tt1636780,562
tt1636815,391
tt1639082,909
tt1646926,1079
tt1647446,344
tt1648112,1032
tt1648216,1722
tt1653690,1076
tt1653916,1934
tt1663145,244
tt1663680,1518
tt1663920,771
tt1664809,1183
tt1666186,1808
tt1668209,1177
tt1679583,244
tt1680095,68
tt1680099,946
tt1680136,795
tt1682376,1781
tt1683040,566
tt1683981,1718
tt1687241,1942
tt1690470,1140
tt1692191,453
tt1703048,1020
tt1703938,376
tt1713547,1643
tt1720198,1145
tt1722450,701
tt1726641,244
tt1727535,1183
tt1727800,1694
tt1732659,623
tt1734063,57
tt1737237,871
tt1740047,1686
tt1746246,358
tt1753757,1151
tt1753855,244
tt1754177,918
tt1754455,1252
tt1756773,1535
tt1760446,1311
tt1782568,1312
tt1785394,218
tt1786490,506
tt1796657,1720
tt1810602,694
tt1849041,1142
tt1906518,1874
tt1937329,1825
tt2023748,1590
tt2210581,457
tt2613012,1436
tt2728056,733
tt0120804,1201
tt0120912,947
tt0121765,1356
tt0145487,1341
tt0145937,1173
tt0146063,1637
tt0166813,1344
tt0167261,1593
tt0187738,215
tt0220506,614
tt0238546,1695
tt0243585,1374
tt0246460,726
tt0246677,639
tt0250223,136
tt0250698,1413
tt0251951,1150
tt0253754,1355
tt0257510,337
tt0258463,1474
tt0259134,327
tt0259446,995
tt0264429,1465
tt0265010,4
tt0265298,205
tt0265651,985
tt0267913,1258
tt0268380,691
tt0272147,1807
tt0275847,859
tt0277296,1653
tt0279493,1787
tt0280030,1118
tt0281322,1789
tt0281889,569
tt0282386,219
tt0283111,1021
tt0283644,838
tt0283900,1666
tt0285492,343
tt0285869,1762
tt0287717,1348
tt0289043,16
tt0289765,1555
tt0289848,99
tt0290916,1382
tt0293124,463
tt0293662,1682
tt0293815,527
tt0295178,147
tt0295297,625
tt0295375,117
tt0295701,1900
tt0296574,703
tt0297162,612
tt0298130,1649
tt0300532,225
tt0301167,369
tt0301524,1299
tt0301893,1360
tt0302585,533
tt0303714,171
tt0303816,258
tt0303933,432
tt0304669,1652
tt0304808,1428
tt0306069,1309
tt0306909,1162
tt0307873,1179
tt0307920,55
tt0308506,856
tt0310065,415
tt0314111,577
tt0314166,653
tt0314691,261
tt0314804,1764
tt0316882,1832
tt0318742,1428
tt0321781,1495
tt0322802,724
tt0325005,899
tt0325655,1524
tt0328569,1764
tt0328570,1764
tt0329380,1003
tt0329794,204
tt0330316,923
tt0330842,1928
tt0334754,1877
tt0338564,705
tt0341495,1014
tt0341555,1272
tt0344529,1821
tt0345561,68
tt0345685,1006
tt0346060,1764
tt0347791,1135
tt0348226,1739
tt0351817,1248
tt0354593,582
tt0362257,1764
tt0364385,748
tt0365066,308
tt0365068,308
tt0366621,711
tt0367104,879
tt0374262,1401
tt0403399,245
tt0443753,1112
tt0781046,1045
tt0990372,391
tt0997084,1074
tt1111358,803
tt1260515,1778
tt2145590,637
tt2165999,1016
tt4130762,1770
tt4130788,1770
tt6449044,1492
tt0448115,1282
tt0837563,1116
tt10006006,30
tt10017680,1368
tt10027696,1105
tt10039468,1004
tt10060386,644
tt10068158,893
tt10068544,893
tt10071462,250
tt10121762,1797
tt10133300,1184
tt10147382,1924
tt10151260,1327
tt10156426,1147
tt10217780,772
tt10218782,1570
tt10250750,232
tt10262160,1910
tt10279010,285
tt10290062,1297
tt10295602,860
tt10312668,1265
tt10323214,1467
tt10325070,158
tt10327712,816
tt10364402,994
tt10419266,226
tt10425640,1301
tt10428246,553
tt10481792,299
tt10499260,508
tt10515086,1469
tt10524262,962
tt10556036,735
tt10611372,1001
tt10627720,1923
tt10628692,1743
tt10639076,874
tt10645682,722
tt10675136,642
tt10738914,316
tt10767976,1294
tt10808474,1824
tt10919074,1817
tt10927906,1420
tt10975312,483
tt11000242,333
tt11015752,1106
tt11046032,1723
tt11063548,275
tt11107074,999
tt11135936,658
tt11177112,1512
tt11185162,1763
tt11332430,977
tt11374034,158
tt11410450,603
tt11423700,715
tt11465650,90
tt11496270,720
tt11498676,1532
tt11540002,1403
tt1206885,1185
tt12889398,826
tt12936856,1881
tt13597808,1024
tt14888860,384
tt1560220,1892
tt1618434,992
tt1620981,1441
tt1648186,509
tt1979376,1749
tt2076298,712
tt2275743,302
tt2283336,947
tt2386490,677
tt2527338,1356
tt3038708,717
tt3107252,1763
tt3513498,1585
tt3741700,579
tt4058836,689
tt4126476,58
tt4154664,267
tt4154796,1451
tt4463894,1274
tt4520988,532
tt4777008,902
tt5113040,1656
tt5266668,1223
tt5515374,827
tt5606664,1661
tt5668770,917
tt5719748,314
tt5884052,1139
tt5886046,465
tt6067752,883
tt6095472,1448
tt6105098,1586
tt6139732,67
tt6146586,741
tt6189022,626
tt6193408,1281
tt6197400,339
tt6218010,1823
tt6320628,1340
tt6398184,422
tt6450804,1674
tt6521876,731
tt6556670,1267
tt6565702,1869
tt6660238,1915
tt6772804,464
tt6793710,449
tt6806448,661
tt6814214,1659
tt6843446,1787
tt6918220,843
tt6920356,1665
tt6923892,1200
tt6941512,1798
tt7054636,894
tt7059844,348
tt7089882,1330
tt7167686,1504
tt7287680,1568
tt7304802,181
tt7329656,23
tt7349950,719
tt7399138,1193
tt7403614,1462
tt7473716,1541
tt7475206,1050
tt7502322,926
tt7639372,399
tt7659018,1510
tt7721946,675
tt7806430,1111
tt7832848,708
tt7876510,1005
tt7884228,1010
tt7906260,1740
tt7975244,751
tt7983712,1223
tt8022904,820
tt8042248,989
tt8091892,486
tt8108268,1795
tt8134742,507
tt8155288,621
tt8169552,970
tt8174450,1623
tt8201404,844
tt8228884,687
tt8237172,602
tt8239806,1701
tt8241872,1536
tt8253606,944
tt8258474,1913
tt8288384,907
tt8310106,1772
tt8328716,418
tt8350360,109
tt8383694,1175
tt8385474,32
tt8396294,367
tt8401820,1216
tt8419052,5
tt8442644,895
tt8505838,289
tt8569578,1029
tt8597424,1487
tt8660788,3
tt8669356,738
tt8676426,1526
tt8749922,350
tt8750122,1458
tt8752474,757
tt8753438,132
tt8761814,1283
tt8769300,1214
tt8856470,1140
tt8858420,1861
tt8890582,928
tt8892900,986
tt8946378,798
tt8983168,320
tt9004516,1893
tt9019352,1047
tt9064968,223
tt9075612,36
tt9077528,1010
tt9110556,1610
tt9116358,1158
tt9144838,39
tt9149946,193
tt9174602,397
tt9179260,1735
tt9182284,1852
tt9214310,364
tt9228950,904
tt9235038,1417
tt9251614,597
tt9252508,1414
tt9288776,1846
tt9310460,310
tt9316574,272
tt9319890,198
tt9332122,1386
tt9364848,1509
tt9382596,1480
tt9386884,1911
tt9427166,1095
tt9428190,1052
tt9430698,1074
tt9442842,698
tt9459742,223
tt9501310,391
tt9526826,103
tt9537054,211
tt9537346,124
tt9551936,1482
tt9552162,764
tt9552208,872
tt9581844,363
tt9597190,1929
tt9614428,1302
tt9652888,81
tt9670282,1895
tt9680076,198
tt9680092,1149
tt9724068,149
tt9735672,419
tt9764556,1211
tt9777790,1842
tt9810420,41
tt9816396,761
tt9818102,1882
tt9900060,819
tt9900782,763
tt0259324,557
tt0293564,1230
tt0337978,404
tt0367959,1555
tt0373883,613
tt0373889,625
tt0389722,20
tt0413099,79
tt0413267,1293
tt0413300,1341
tt0414055,455
tt0418279,1755
tt0422774,1449
tt0423294,1390
tt0425430,1604
tt0432021,1201
tt0440963,1474
tt0443473,1490
tt0446009,1705
tt0449088,1126
tt0452702,1802
tt0453451,983
tt0455326,120
tt0459759,1273
tt0460780,700
tt0461770,461
tt0462244,350
tt0463854,16
tt0465234,1022
tt0465494,660
tt0469135,1452
tt0473360,573
tt0476603,1678
tt0478311,799
tt0480249,682
tt0484090,1912
tt0486576,482
tt0488798,1838
tt0496373,1150
tt0496436,1845
tt0496806,1059
tt0498353,670
tt0756683,1595
tt0758730,47
tt0775539,1366
tt0790721,632
tt0796232,1231
tt0800069,1557
tt0804507,1679
tt0804540,1419
tt0814380,1617
tt0816436,214
tt0817940,790
tt0820118,1097
tt0837106,128
tt0841044,13
tt0844463,1851
tt0844948,1812
tt0845448,399
tt0847745,913
tt0848557,1394
tt0859164,601
tt0861739,454
tt0890870,1255
tt0891520,276
tt0900357,1471
tt0901507,1214
tt0902249,1931
tt0902253,1113
tt0906108,1848
tt0913401,785
tt0914805,636
tt0923811,1192
tt0929809,1903
tt0943326,1015
tt0949751,925
tt0952640,84
tt0953981,85
tt0954348,1250
tt0956317,1411
tt0964587,1349
tt0969711,1061
tt0987918,1575
tt0988982,1020
tt0989622,1470
tt0991243,857
tt0995031,200
tt1003009,831
tt1010012,1764
tt1014672,199
tt1021004,1713
tt1037116,1074
tt1038988,1898
tt1043842,119
tt1051844,914
tt1068654,770
tt1087858,754
tt1102316,1073
tt1105731,809
tt1107807,1507
tt1109520,1309
tt1117533,1278
tt1135522,511
tt1135972,1942
tt1148261,218
tt1155650,1543
tt1155651,1543
tt1160317,1102
tt1163761,1734
tt1179904,1101
tt1189893,1720
tt1198196,813
tt1206585,1854
tt1207645,1266
tt1226251,1140
tt1260351,419
tt1305865,66
tt1412700,259
tt1556214,1272
tt1797384,506
tt2153296,996
tt2199733,1888
tt2313237,517
tt3751278,1011
tt5184608,824
tt5778404,45
tt8936254,478
tt0369610,755
tt0478970,113
tt1051904,590
tt11102352,1206
tt11941248,1880
tt1340138,1674
tt1392190,891
tt1528854,351
tt1594972,1052
tt1732651,558
tt1883367,1564
tt1951266,1565
tt2072230,143
tt2140465,1418
tt2268016,896
tt2279373,1346
tt2293640,955
tt2309260,1541
tt2322441,497
tt2379713,726
tt2381249,963
tt2386404,1029
tt2395427,1451
tt2473510,1101
tt2488496,1356
tt2510894,673
tt2555736,195
tt2631186,257
tt2637276,1423
tt2637294,671
tt2664880,357
tt2679042,660
tt2752772,1310
tt2820852,1529
tt2848292,1128
tt2872750,1281
tt2888046,712
tt2908446,412
tt2924352,634
tt2938956,1682
tt2945796,1581
tt2974918,84
tt3022458,1659
tt3075214,388
tt3076658,334
tt3108604,93
tt3117504,125
tt3136646,1329
tt3138782,986
tt3148576,1286
tt3150966,1214
tt3152166,1801
tt3159708,1838
tt3175798,1153
tt3195644,709
tt3197766,1235
tt3251306,1208
tt3253940,1549
tt3284178,122
tt3345474,1103
tt3354302,311
tt3354306,311
tt3369806,929
tt3397884,1298
tt3398252,1246
tt3411432,1078
tt3418972,1745
tt3421614,1324
tt3431188,800
tt3450650,905
tt3478232,1009
tt3481000,297
tt3500544,1111
tt3540136,1859
tt3581382,259
tt3608646,1009
tt3615204,1157
tt3616916,1834
tt3626742,1338
tt3642618,1304
tt3644202,1209
tt3646946,142
tt3655680,1718
tt3657684,1811
tt3697946,829
tt3702996,475
tt3713944,1268
tt3717324,1891
tt3718824,1562
tt3725026,989
tt3733678,96
tt3737650,391
tt3781476,973
tt3800796,969
tt3809492,586
tt3816458,366
tt3819668,425
tt3853452,135
tt3864024,835
tt3900196,1549
tt3923082,1324
tt3957956,8
tt3977462,537
tt4020312,93
tt4027270,1499
tt4046784,1601
tt4048050,1629
tt4058952,862
tt4062270,814
tt4080672,1098
tt4083850,189
tt4117510,1890
tt4125300,616
tt4141024,646
tt4141368,1216
tt4144156,715
tt4145350,936
tt4145836,1133
tt4194984,413
tt4235644,1157
tt4242158,871
tt4247144,228
tt4254046,852
tt4255110,323
tt4265568,1779
tt4267026,642
tt4276752,968
tt4280056,1628
tt4294052,143
tt4306116,18
tt4307880,406
tt4310772,531
tt4337072,556
tt4392454,1
tt4397414,1612
tt4399984,1790
tt4400058,156
tt4404474,775
tt4412240,232
tt4415068,62
tt4425458,901
tt4427076,10
tt4430136,1172
tt4437298,437
tt4450396,1000
tt4450706,801
tt4458368,748
tt4464702,1905
tt4466864,1616
tt4469200,1513
tt4475244,1225
tt4483100,966
tt4491640,1729
tt4503906,1141
tt4505170,393
tt4515452,1798
tt4530804,325
tt4530884,690
tt4539508,1544
tt4547832,377
tt4566574,942
tt4585660,795
tt4597430,151
tt4618398,1020
tt4618818,19
tt4622340,345
tt4637028,1306
tt4643580,679
tt4691348,331
tt4692234,122
tt4692242,122
tt4706702,1312
tt4765604,51
tt4814354,1732
tt4817640,469
tt4819498,968
tt4820972,1369
tt4831682,865
tt4838316,840
tt4840170,713
tt4840206,1327
tt4859246,887
tt4861696,1767
tt4865436,628
tt4872210,523
tt4901756,1175
tt4927574,1301
tt4967920,349
tt4970552,873
tt4971484,1031
tt4982156,1416
tt5022680,75
tt5028388,91
tt5031892,1439
tt5061814,1929
tt5078188,1673
tt5078450,1577
tt5104080,1391
tt5143700,1320
tt5161502,1325
tt5190950,1696
tt5227020,571
tt5234428,65
tt5268648,849
tt5284414,564
tt5290566,1903
tt5290882,390
tt5297596,472
tt5332274,129
tt5377654,966
tt5443130,610
tt5445056,610
tt5449088,940
tt5526064,1416
tt5575408,993
tt5706242,83
tt5842792,54
tt6159026,549
tt6255828,1036
tt7657896,499
tt0293429,979
tt0870154,753
tt10327252,1641
tt10370822,390
tt10423286,1368
tt10448662,1086
tt10451312,387
tt10515988,1101
tt10556674,9
tt10569922,252
tt10605812,37
tt10635042,1152
tt10665338,614
tt10676012,1733
tt10766468,562
tt10772654,1409
tt10838180,1600
tt10840042,134
tt10872600,1340
tt10975604,37
tt11012066,663
tt11084896,1344
tt11125620,1441
tt11207240,1220
tt11541220,646
tt11560730,1852
tt1160419,438
tt11641654,542
tt11674072,970
tt11792512,933
tt11809034,1229
tt11827282,1772
tt11832046,1106
tt11866370,123
tt11905960,1204
tt11936544,1882
tt11944928,231
tt11951334,467
tt11991748,1229
tt12079822,9
tt12093860,391
tt12240332,9
tt12361178,431
tt12619898,9
tt12622516,1624
tt12642574,1920
tt12706768,853
tt12740648,1817
tt12783454,1580
tt12856188,275
tt12974250,1740
tt12982370,1214
tt13017168,764
tt13017204,1526
tt13020856,515
tt13069986,58
tt13162484,849
tt13196156,95
tt13197764,490
tt13243448,1114
tt13269670,1030
tt13346994,1391
tt13387604,1431
tt13424422,1398
tt13438734,1730
tt13462900,1456
tt13470094,1028
tt13514232,1468
tt13529316,1300
tt13544716,999
tt13557370,298
tt13582738,926
tt13593042,1291
tt13606158,1584
tt13664894,1592
tt13701962,28
tt13769630,1584
tt13799986,761
tt13834480,402
tt13835046,1895
tt13884144,1657
tt13911494,167
tt13944728,503
tt13964002,1530
tt13967368,1550
tt14108464,333
tt14147078,167
tt14176094,433
tt14207358,476
tt14265992,63
tt14302272,1403
tt14307890,619
tt14315500,1048
tt14324650,177
tt14361314,1381
tt14379040,1853
tt14402926,177
tt14418138,1766
tt14445134,301
tt14464962,356
tt14525460,1351
tt14577300,518
tt14578032,576
tt14611368,772
tt14636620,508
tt14720502,549
tt14731142,1636
tt14858054,1867
tt14867006,1800
tt14873410,756
tt14901058,980
tt14923112,950
tt15000314,1846
tt15060248,1086
tt15062980,1086
tt15096796,971
tt15105098,476
tt15119154,854
tt15173948,864
tt15295912,943
tt15296598,572
tt15397504,271
tt15437042,345
tt15465312,1924
tt15779062,158
tt16492636,384
tt16492678,384
tt2382320,726
tt2458948,1192
tt3228774,342
tt3554046,1336
tt4513678,560
tt4813116,9
tt5034838,579
tt5433138,1529
tt6264654,522
tt6334354,1378
tt6467266,1307
tt6566576,491
tt6802400,318
tt6856242,792
tt6932874,1473
tt6992978,1665
tt7069210,1491
tt7097896,1814
tt7524444,939
tt7601480,1907
tt7612146,672
tt7972012,1057
tt7988412,1153
tt7991608,1197
tt8042312,821
tt8110246,356
tt8245526,1068
tt8368408,605
tt8376234,1119
tt8385148,1558
tt8404256,539
tt8452666,9
tt8521876,1873
tt8716196,1747
tt8984572,762
tt9222546,1331
tt9347730,265
tt9376612,1276
tt9381682,401
tt9389998,1170
tt9595360,787
tt9685342,1919
tt9701940,491
tt9701942,491
tt9777666,1680
tt9819258,9
tt9844522,465
tt9857850,9
tt9892604,1684
tt0451279,1862
tt0498381,1649
tt10156578,1147
tt10887586,1034
tt1139592,732
tt1293847,1900
tt1396484,719
tt1724970,1314
tt1753383,32
tt1790809,1126
tt1806913,584
tt1856101,216
tt1935897,1447
tt1959563,1558
tt2091256,268
tt2250912,1340
tt2283362,751
tt2316204,1160
tt2406566,141
tt2417712,589
tt2527336,1356
tt2620590,1435
tt2763304,1754
tt2932536,23
tt3280262,295
tt3315342,1707
tt3348730,1255
tt3349578,160
tt3371366,1755
tt3402236,651
tt3450958,1132
tt3462880,1850
tt3463106,1531
tt3469046,389
tt3486626,1619
tt3501632,1719
tt3592904,339
tt3606752,274
tt3615160,1157
tt3629032,251
tt3630800,1875
tt3654796,335
tt3705822,976
tt3784652,33
tt3874544,1473
tt3890160,154
tt3896102,1443
tt3896198,599
tt3967976,898
tt4054952,486
tt4126568,1080
tt4225622,1453
tt4334642,230
tt4425200,741
tt4440776,742
tt4465564,497
tt4468740,1094
tt4515762,1860
tt4630562,1529
tt4649466,792
tt4685636,483
tt4731148,146
tt4738174,229
tt4765284,1128
tt4849438,257
tt4924942,181
tt4942270,76
tt4978404,672
tt5084198,794
tt5116504,1766
tt5140878,109
tt5168832,59
tt5257554,1167
tt5259598,1568
tt5259790,1104
tt5273624,746
tt5308322,621
tt5311972,1852
tt5336234,959
tt5456546,749
tt5457454,1216
tt5467852,1286
tt5468016,406
tt5468018,406
tt5476944,811
tt5485482,297
tt5514632,915
tt5514914,277
tt5519340,242
tt5534434,627
tt5541132,445
tt5543600,829
tt5556068,915
tt5606538,322
tt5610626,429
tt5611424,1576
tt5628418,132
tt5629032,959
tt5657846,351
tt5673828,644
tt5715410,207
tt5742874,1253
tt5770864,1595
tt5775194,808
tt5776208,1202
tt5803528,5
tt5805470,563
tt5815944,1735
tt5819908,1839
tt5822140,907
tt5830200,437
tt5843838,929
tt5846744,205
tt5847286,1289
tt5852632,916
tt5862312,1815
tt5897288,684
tt5897292,684
tt5905008,1922
tt5912470,419
tt5931670,797
tt5934564,1840
tt5946936,1391
tt5950646,202
tt5954088,320
tt5956006,880
tt5956100,1728
tt5979874,578
tt6003368,403
tt6014472,1232
tt6015328,285
tt6042062,772
tt6047974,819
tt6063024,937
tt6070832,1240
tt6076226,1214
tt6090764,1240
tt6098512,1647
tt6106526,1532
tt6121444,944
tt6145612,1718
tt6148766,1168
tt6155194,196
tt6175394,1584
tt6182954,1683
tt6191184,1369
tt6193424,1686
tt6194850,1887
tt6217804,894
tt6263642,552
tt6269060,951
tt6277440,435
tt6293042,1090
tt6295898,1673
tt6299366,858
tt6313734,363
tt6315010,31
tt6322922,97
tt6340264,738
tt6343596,723
tt6349302,1318
tt6357074,1166
tt6359956,161
tt6363436,900
tt6389344,1720
tt6409782,1514
tt6417144,1611
tt6418890,1820
tt6438840,678
tt6449336,189
tt6462084,469
tt6470762,440
tt6471264,475
tt6484954,802
tt6496236,352
tt6505968,468
tt6506146,928
tt6548966,477
tt6554744,1927
tt6556890,175
tt6572702,971
tt6577246,1615
tt6580394,1528
tt6591568,633
tt6595896,1137
tt6608032,91
tt6712014,536
tt6723494,1133
tt6730898,835
tt6769508,1361
tt6799508,523
tt6799518,523
tt6809936,331
tt6823698,1904
tt6835806,1922
tt6857250,232
tt6858002,326
tt6858006,326
tt6887178,254
tt6921302,1165
tt6971752,1296
tt6973386,1803
tt6973828,1330
tt6977240,1359
tt7008310,1026
tt7014110,243
tt7055592,248
tt7058618,395
tt7058854,961
tt7068818,1563
tt7073350,1261
tt7112166,441
tt7127652,1816
tt7128042,849
tt7129926,317
tt7131870,1859
tt7146054,1923
tt7150410,1612
tt7160070,82
tt7172502,847
tt7185492,1918
tt7190460,1724
tt7207158,1144
tt7208366,451
tt7215262,1387
tt7228078,1369
tt7245176,1235
tt7251666,1301
tt7273648,51
tt7275200,510
tt7275528,806
tt7283066,487
tt7303948,966
tt7355718,48
tt7363066,1917
tt7392060,158
tt7431894,1929
tt7454138,453
tt7468056,1625
tt7469972,1764
tt7469978,62
tt7475886,1574
tt7476416,356
tt7476494,34
tt7480958,467
tt7521846,158
tt7546024,262
tt7608418,30
tt7631786,1482
tt7690328,38
tt7693270,1654
tt7815620,1446
tt7827944,1699
tt7830888,472
tt7914416,1070
tt7933596,965
tt8005336,808
tt8100900,312
tt8141908,523
tt0417741,625
tt0438488,1674
tt0458525,1707
tt0460943,636
tt0492044,1556
tt0499549,148
tt0796366,1354
tt0808151,1650
tt0834001,1788
tt0838232,1631
tt0844471,307
tt0844479,1488
tt0844708,1583
tt0851515,1915
tt0860906,1192
tt0940657,131
tt0961722,258
tt0988045,1284
tt0997057,1176
tt1013752,1529
tt1046173,539
tt1053859,1551
tt1055369,1755
tt1057574,686
tt1073105,1506
tt1075417,1855
tt1078912,1037
tt1080016,691
tt1114740,905
tt1119646,1554
tt1121931,330
tt1129441,1675
tt1132286,909
tt1132620,1605
tt1134854,1394
tt1142800,894
tt1144884,501
tt1145154,1015
tt1148204,1082
tt1156398,1892
tt1156519,1678
tt1160368,8
tt1167660,1057
tt1176416,1433
tt1181919,15
tt1181920,15
tt1182921,1043
tt1186371,1668
tt1188988,471
tt1196601,259
tt1210106,1349
tt1213660,1851
tt1216487,1605
tt1218507,1015
tt1228933,825
tt1231277,359
tt1231580,84
tt1233227,1255
tt1234541,1479
tt1242447,1023
tt1245112,1898
tt1245775,796
tt1247640,411
tt1247704,452
tt1255955,949
tt1258134,488
tt1259571,1689
tt1262413,367
tt1264885,419
tt1264904,864
tt1268809,1038
tt1269696,821
tt1272013,535
tt1278336,413
tt1278340,368
tt1283540,1478
tt1286159,12
tt1288403,1792
tt1288571,260
tt1295061,774
tt1298648,600
tt1300851,1472
tt1305854,78
tt1309449,760
tt1311063,1478
tt1311067,613
tt13171296,945
tt1322410,1411
tt1326972,1195
tt1334526,373
tt1337032,1751
tt1337057,1186
tt1337672,1049
tt1340838,1179
tt1343097,1605
tt1343755,777
tt1344008,1092
tt1344712,1386
tt1345776,1543
tt1346302,1146
tt1346850,1295
tt1350484,345
tt1352852,1712
tt1355627,469
tt1356933,126
tt1364289,1461
tt1366687,881
tt1379734,1646
tt1382687,43
tt1385912,894
tt1389748,1266
tt1399952,355
tt1401245,1155
tt1403983,679
tt1414361,420
tt1422651,1429
tt1422674,748
tt1422675,748
tt1430622,934
tt1432157,73
tt1438461,1918
tt1438496,524
tt1442543,1333
tt1447943,73
tt1465840,1537
tt1467280,1781
tt1467304,1564
tt1468843,1140
tt1472059,444
tt1476252,768
tt1481363,1020
tt1485763,1074
tt1504688,1083
tt1515854,834
tt1521846,1123
tt1523491,1803
tt1528836,1805
tt1530883,1745
tt1532382,667
tt1548563,890
tt1550530,70
tt1560950,349
tt1565058,1843
tt1578128,1087
tt1600529,1134
tt1670262,1055
tt1736553,253
tt2424064,1941
tt2664456,1061
tt3069576,253
tt4022932,73
tt5186066,824
tt7645878,446
tt9556198,383
tt0120667,482
tt0121766,1356
tt0219171,985
tt0264323,14
tt0285175,632
tt0329774,1900
tt0330373,625
tt0342735,1777
tt0348333,1827
tt0351283,892
tt0353324,1500
tt0357507,1471
tt0362165,1599
tt0363771,1485
tt0364376,1545
tt0367652,396
tt0368578,1449
tt0369226,80
tt0372784,1501
tt0375210,1845
tt0377109,1649
tt0377471,296
tt0377818,1516
tt0378109,710
tt0380389,573
tt0383222,220
tt0384806,1447
tt0385002,592
tt0385307,960
tt0385700,502
tt0386140,1896
tt0388482,1682
tt0393635,1198
tt0395584,507
tt0396752,1019
tt0397101,1313
tt0400497,650
tt0401559,1589
tt0401792,1305
tt0403508,1662
tt0403537,1360
tt0407121,1633
tt0409184,1666
tt0411805,1203
tt0411806,1203
tt0415678,1273
tt0416315,1858
tt0417944,913
tt0418325,1703
tt0418763,729
tt0418819,867
tt0418887,952
tt0419706,418
tt0421947,1810
tt0422093,894
tt0424774,1279
tt0424971,1109
tt0425379,1169
tt0425661,1550
tt0426459,492
tt0427323,608
tt0427954,1639
tt0428803,916
tt0431417,1831
tt0432047,1253
tt0432348,1255
tt0433328,1162
tt0434008,451
tt0435625,1506
tt0436811,1399
tt0443536,666
tt0443567,838
tt0444629,493
tt0445570,1161
tt0448206,252
tt0449086,1522
tt0450278,670
tt0451010,1072
tt0451021,1489
tt0451746,1870
tt0452598,287
tt0454435,703
tt0455116,1182
tt0455135,1524
tt0455142,793
tt0456627,383
tt0457530,1710
tt0459505,1127
tt0466923,1113
tt0467923,543
tt0468812,967
tt0468820,1376
tt0470850,1560
tt0470883,895
tt0470967,1843
tt0471223,770
tt0471834,1018
tt0472767,458
tt0473658,711
tt0478024,1235
tt0479669,923
tt0485323,538
tt0486192,1768
tt0488017,776
tt0488310,776
tt0488870,85
tt0490160,776
tt0490161,776
tt0491424,776
tt0493107,104
tt0494501,608
tt0495624,1219
tt0497573,1249
tt0756222,130
tt0791188,1020
tt0791635,1909
tt0820111,937
tt0875609,1136
tt1018764,1074
tt1133936,391
tt1415872,407
tt5230508,45
tt0120737,1593
tt0126029,1293
tt0139654,1753
tt0146316,1738
tt0159273,188
tt0162030,1793
tt0163025,755
tt0164334,69
tt0196229,1894
tt0198781,975
tt0206275,1254
tt0206314,747
tt0209163,1613
tt0211443,528
tt0212985,1555
tt0221218,1548
tt0227538,1348
tt0230011,139
tt0231402,338
tt0232500,1529
tt0239395,279
tt0240462,423
tt0240772,1059
tt0241527,625
tt0243155,240
tt0245686,740
tt0245799,236
tt0246578,359
tt0247638,1635
tt0247745,1388
tt0250371,1623
tt0250494,839
tt0252866,92
tt0257106,1256
tt0257408,118
tt0258827,565
tt0261392,731
tt0263488,732
tt0263728,1065
tt0265171,459
tt0265632,1194
tt0266915,1230
tt0267129,1871
tt0268579,1213
tt0278488,676
tt0279064,458
tt0279112,577
tt0279483,1764
tt0281718,529
tt0281954,1502
tt0282179,1343
tt0283079,1764
tt0285685,886
tt0286098,1897
tt0286249,1764
tt0287635,1135
tt0289730,841
tt0290006,1003
tt0291959,1055
tt0293359,261
tt0293667,1767
tt0293715,1002
tt0293849,1589
tt0293854,861
tt0294939,111
tt0295578,1228
tt0296696,1007
tt0297441,1764
tt0298826,1938
tt0302819,984
tt0306741,419
tt0307109,1594
tt0310790,448
tt0311939,1764
tt0312843,1376
tt0314134,204
tt0322645,711
tt0339847,1778
tt0355857,1077
tt0388130,706
tt0413669,72
tt0810831,407
tt0831848,331
tt0832449,1074
tt1073223,391
tt1967539,766
tt0481499,1498
tt0770828,908
tt0795461,1256
tt1029231,805
tt1170358,1559
tt1211956,464
tt1229340,102
tt1288558,470
tt1300854,716
tt1335975,24
tt1340803,288
tt1375789,1180
tt1408101,1354
tt1411250,1486
tt1430132,1707
tt1453405,975
tt1457765,1556
tt1457767,1491
tt1531924,1511
tt1535975,1850
tt1572315,1435
tt1583421,539
tt1606378,404
tt1650554,781
tt1663662,1093
tt1670345,1053
tt1674047,210
tt1690953,389
tt1691917,1130
tt1778924,1691
tt1821694,1178
tt1833673,400
tt1854564,1110
tt1870419,627
tt1872101,1760
tt1872102,1760
tt1891884,1069
tt1905041,1529
tt1913178,362
tt1925518,1639
tt1937118,1666
tt1937390,1054
tt1951261,1554
tt1951264,1565
tt1978599,1063
tt1981115,1719
tt1985966,307
tt2002718,888
tt2004432,1858
tt2017020,1664
tt2017561,746
tt2034139,1582
tt2083355,1460
tt2113681,1437
tt2113820,1323
tt2169322,504
tt2184339,1641
tt2188655,76
tt2191701,598
tt2199711,1822
tt2203308,49
tt2205904,552
tt2209418,186
tt2210855,1035
tt2216856,1533
tt2221648,1042
tt2226417,709
tt2230358,295
tt2236054,1008
tt2240884,636
tt2241403,1089
tt2243537,35
tt2262270,1347
tt2263944,425
tt2276778,1268
tt2281159,323
tt2291606,1844
tt2294629,532
tt2301155,1290
tt2301592,739
tt2302755,626
tt2312390,1542
tt2315236,852
tt2317524,8
tt2324730,480
tt2343707,1231
tt2356464,1852
tt2358913,194
tt2362778,1241
tt2368672,956
tt2371834,1100
tt2374144,562
tt2378567,1804
tt2381618,395
tt2382009,1054
tt2385047,371
tt2388821,1889
tt2390341,1562
tt2395353,1113
tt2396200,1208
tt2406468,758
tt2408134,1801
tt2412556,541
tt2412746,1205
tt2418558,606
tt2427502,442
tt2429640,991
tt2435514,1574
tt2436046,114
tt2436516,570
tt2438644,387
tt2440362,1211
tt2450186,1800
tt2457258,57
tt2457282,1163
tt2458106,1043
tt2464018,1001
tt2476154,927
tt2504308,336
tt2510874,1872
tt2537176,690
tt2538654,235
tt2553376,1386
tt2562234,1044
tt2563562,1598
tt2578608,804
tt2581664,277
tt2599716,1143
tt2604704,1917
tt2609326,93
tt2609758,894
tt2617828,525
tt2628316,592
tt2630300,1576
tt2636124,556
tt2637012,1159
tt2642064,1879
tt2643394,1607
tt2652476,1147
tt2658126,320
tt2668134,1337
tt2670454,727
tt2708764,648
tt2752584,1134
tt2755016,1612
tt2765340,1321
tt2767948,191
tt2768084,419
tt2769158,1917
tt2771932,1925
tt2772092,116
tt2776882,802
tt2783020,731
tt2795078,548
tt2816740,43
tt2825924,1205
tt2861478,1430
tt2861518,1189
tt2900624,75
tt2902898,133
tt2908228,1000
tt2912922,263
tt2917336,1503
tt2918988,680
tt2927068,1507
tt2927086,688
tt2934340,456
tt2946582,173
tt2953744,685
tt2957774,1701
tt2987732,475
tt2990702,777
tt2992146,392
tt3003996,1932
tt3008034,519
tt3016256,53
tt3017864,556
tt3019994,1779
tt3037342,964
tt3043630,1732
tt3054776,1412
tt3068190,1916
tt3069758,349
tt3086582,1732
tt3104078,1826
tt3105008,1412
tt3146360,189
tt3148528,1729
tt3152130,1383
tt3169740,1527
tt3174084,1700
tt3175476,901
tt3198698,680
tt3234078,469
tt3257582,1138
tt3264494,529
tt3303446,391
tt3332410,1252
tt3341084,1539
tt3398788,672
tt3417422,431
tt3642420,1191
tt3666926,1761
tt3720788,1511
tt3856638,611
tt4141906,1921
tt4828534,319
tt5827216,714
tt6967268,164
tt7315746,1880
tt0377981,568
tt0448694,1171
tt0458339,266
tt0459748,1108
tt0472181,1664
tt0472399,938
tt0480239,140
tt0800369,1719
tt0803061,1196
tt0844993,666
tt0905372,1676
tt1071875,557
tt1153546,220
tt1156300,373
tt1201607,625
tt1204342,1614
tt1216475,274
tt1229238,963
tt1233301,718
tt1262416,1259
tt1268799,624
tt1270798,1869
tt1285241,417
tt1293561,1545
tt1296373,1525
tt1298650,1126
tt1302011,807
tt1308748,251
tt1318514,1132
tt1322333,830
tt1324999,1689
tt1365048,1270
tt1399103,1755
tt1402488,622
tt1411697,1554
tt1412386,195
tt1436562,1212
tt1438176,530
tt1446147,278
tt1449283,1633
tt1452293,858
tt1456635,589
tt1464174,206
tt1478964,144
tt1490678,1647
tt1499658,668
tt1515091,1284
tt1517489,1348
tt1525836,546
tt1530509,1564
tt1534786,1507
tt1560671,1566
tt1564349,416
tt1566528,890
tt1568139,1878
tt1568346,1547
tt1584941,1849
tt1596343,1529
tt1604231,1811
tt1611876,796
tt1615918,84
tt1622979,501
tt1630637,696
tt1634122,743
tt1640711,33
tt1644655,1044
tt1649400,1236
tt1650043,403
tt1657283,665
tt1657512,730
tt1666169,882
tt1669277,1393
tt1672215,1667
tt1680089,946
tt1685576,1404
tt1686784,426
tt1686865,1084
tt1687247,853
tt1687856,234
tt1690368,76
tt1692503,1497
tt1693110,1292
tt1699135,1648
tt1699163,1812
tt1699164,1812
tt1699231,1174
tt1699513,1918
tt1700423,588
tt1703199,591
tt1708510,1407
tt1712187,913
tt1714208,367
tt1716747,645
tt1716772,1569
tt1728217,1739
tt1729211,949
tt1733578,1714
tt1734582,362
tt1739212,1138
tt1745672,294
tt1754029,812
tt1756384,1521
tt1764632,1386
tt1767319,700
tt1773109,1872
tt1776196,538
tt1778304,1101
tt1781069,1886
tt1787759,894
tt1791500,469
tt1791666,1790
tt1792799,825
tt1793931,1688
tt1796603,1461
tt1798635,409
tt1801064,988
tt1804508,386
tt1807950,152
tt1808454,1377
tt1808587,284
tt1809274,244
tt1810864,434
tt1815769,78
tt1828224,831
tt1831609,179
tt1832381,393
tt1832438,1721
tt1833845,444
tt1833846,444
tt1836210,1811
tt1840372,391
tt1841898,1750
tt1845842,688
tt1851909,419
tt1852904,1091
tt1858582,1784
tt1860318,395
tt1863347,813
tt1865375,244
tt1868070,1328
tt1869453,1386
tt1876517,840
tt1883251,874
tt1883397,1692
tt1884495,940
tt1897949,802
tt1899353,1642
tt1901033,1811
tt1904937,760
tt1918965,991
tt1920861,897
tt1924354,1177
tt1926313,1172
tt1927041,1363
tt1927077,849
tt1945106,524
tt1946285,1287
tt1947998,374
tt1948150,1308
tt1961179,1709
tt1961324,1138
tt1964849,495
tt1966396,353
tt1974262,640
tt1986935,1155
tt1988166,769
tt1988689,828
tt1992138,516
tt1998395,1579
tt1999167,1020
tt2028530,1099
tt2034026,989
tt2047769,1627
tt2048804,918
tt2050664,1718
tt2053359,500
tt2068997,70
tt2072029,1102
tt2073070,1241
tt2075108,163
tt2075172,471
tt2076251,695
tt2077886,1630
tt2080337,872
tt2084885,1540
tt2090463,168
tt2094052,909
tt2095742,1102
tt2097245,1273
tt2100558,1627
tt2102465,1812
tt2106519,850
tt2112904,187
tt2115378,1145
tt2124046,1317
tt2133312,494
tt2134058,1363
tt2141789,720
tt2146252,1397
tt2150139,41
tt2186875,833
tt2234550,818
tt2241287,834
tt2321395,837
tt2364842,1624
tt2367954,1373
tt2776256,1238
tt3565112,1748
tt3565136,1748
tt3565148,1748
tt3565158,1748
tt3565160,1748
tt3565164,1748
tt4164468,1833
tt4247856,1370
tt0167260,1593
tt0172156,159
tt0181852,1674
tt0222812,1190
tt0234215,1600
tt0242653,1600
tt0250638,1092
tt0251736,507
tt0254481,805
tt0257076,1232
tt0257568,773
tt0266543,505
tt0266697,784
tt0274166,743
tt0276919,1777
tt0279111,89
tt0283426,1578
tt0285823,921
tt0290334,1869
tt0295700,1866
tt0295721,1419
tt0300471,1277
tt0301470,732
tt0302566,236
tt0305357,283
tt0306047,1256
tt0307987,162
tt0309593,501
tt0309916,1819
tt0312358,100
tt0312700,1538
tt0313911,61
tt0315327,79
tt0317303,350
tt0317676,674
tt0318850,1466
tt0320691,1788
tt0322259,1529
tt0322545,652
tt0322589,665
tt0323642,1633
tt0324216,1434
tt0325703,1738
tt0325980,1126
tt0328828,92
tt0328844,1109
tt0328880,246
tt0329028,436
tt0329101,528
tt0330069,224
tt0333780,839
tt0337711,1227
tt0338459,1348
tt0338763,178
tt0338828,1847
tt0339091,544
tt0340110,484
tt0340855,63
tt0347585,987
tt0348591,1940
tt0348843,737
tt0349205,287
tt0349333,361
tt0351887,1690
tt0352376,585
tt0356922,1226
tt0357959,1117
tt0361354,185
tt0362511,420
tt0363852,1056
tt0364447,1007
tt0364930,64
tt0365067,308
tt0366291,236
tt0366292,1072
tt0366526,577
tt0367913,748
tt0368045,458
tt0368909,1076
tt0369032,1764
tt0369060,705
tt0369295,237
tt0370082,1843
tt0373283,1243
tt0374102,1080
tt0374269,1422
tt0374339,705
tt0374345,1818
tt0374887,990
tt0375934,879
tt0376144,1237
tt0379225,1493
tt0379593,1712
tt0379878,427
tt0380291,948
tt0382868,1011
tt0385754,1013
tt0389727,1764
tt0390067,601
tt0396659,711
tt0396781,1085
tt0415219,1159
tt0416854,1786
tt0420076,1136
tt0422702,440
tt0425153,1670
tt0473474,419
tt0783724,604
tt1006926,1074
tt1133935,391
tt2243192,1778
tt3533690,1187
tt3679304,1773
tt6352612,1142
